{"76859ac9-82ed-4e82-b690-809b6d1ab6b7": {"user_id": "", "permissions": []}, "ff7836cf-cc8c-42f2-86a6-3c4253ac9c46": {"user_id": "1", "permissions": ["camera", "location"]}, "e511a7b9-c085-46f0-8f72-b9b4a1410783": {"user_id": "1", "permissions": ["camera", "location"]}, "8dbc7e52-0ea9-421b-a1e6-eee38f7cfec6": {"user_id": "1", "permissions": ["camera", "location"]}, "ed6fc3ae-fead-43a2-b89c-07249cdc1695": {"user_id": "1", "permissions": ["camera", "location"]}, "2b42b109-3a1c-4a71-9a4f-9b68b4b3cc79": {"user_id": "2", "permissions": ["camera", "location"]}, "2577c680-2324-41ef-b624-0af73449f02f": {"user_id": "\u0436\u0435\u043d\u0430", "permissions": ["camera", "location"]}, "7b18ae9c-f075-4be8-be80-6c97c75fc17a": {"user_id": "3", "permissions": ["camera", "location"], "created_at": "11.04.2025 20:58:16"}, "74e0e5e7-b45f-4814-b5c3-00c7623c1530": {"user_id": "111", "permissions": ["location"], "created_at": "16.04.2025 14:36:51"}, "04330bc3-911c-4b2a-8f57-783c88b2100f": {"user_id": "3", "permissions": ["location"], "created_at": "16.04.2025 14:38:52"}}