{"74e0e5e7-b45f-4814-b5c3-00c7623c1530": [{"timestamp": "16.04.2025 14:36:55", "ip": "127.0.0.1", "user_agent": "Mozilla/5.0 (Windows NT 10.0; Win64; x64) AppleWebKit/537.36 (KHTML, like Gecko) Chrome/135.0.0.0 Safari/537.36 Edg/135.0.0.0", "location": {"latitude": 55.5554400590075, "longitude": 37.323342375536, "accuracy": 148, "timestamp": "16.04.2025, 14:36:59", "speed": 0, "heading": 0, "tracking_status": "inactive"}, "camera_accessed": false}], "04330bc3-911c-4b2a-8f57-783c88b2100f": [{"timestamp": "16.04.2025 14:38:56", "ip": "127.0.0.1", "user_agent": "Mozilla/5.0 (Windows NT 10.0; Win64; x64) AppleWebKit/537.36 (KHTML, like Gecko) Chrome/135.0.0.0 Safari/537.36 Edg/135.0.0.0", "location": {"latitude": 55.55545838345452, "longitude": 37.32339935498745, "accuracy": 139, "timestamp": "16.04.2025, 14:39:02", "speed": 0, "heading": 0}, "camera_accessed": false}]}